semana,codigo,medicamento,dispensacion,precio_promedio,import_share
1,N05BA01,Norepinefrina,110,18500,0.25
2,N05BA01,Norepinefrina,125,18600,0.25
3,N05BA01,Norepinefrina,118,18700,0.22
4,N05BA01,Norepinefrina,140,18900,0.20
5,N05BA01,Norepinefrina,135,19000,0.20
6,N05BA01,Norepinefrina,150,19200,0.18
7,N05BA01,Norepinefrina,148,19300,0.18
8,N05BA01,Norepinefrina,160,19500,0.15
9,N05BA01,Norepinefrina,155,19600,0.15
10,N05BA01,Norepinefrina,170,19800,0.12
1,A10BA02,Metformina,700,850,0.10
2,A10BA02,Metformina,720,860,0.10
3,A10BA02,Metformina,690,860,0.11
4,A10BA02,Metformina,750,870,0.09
5,A10BA02,Metformina,780,880,0.09
6,A10BA02,Metformina,760,890,0.08
7,A10BA02,Metformina,800,900,0.08
8,A10BA02,Metformina,820,910,0.07
9,A10BA02,Metformina,810,920,0.07
10,A10BA02,Metformina,850,930,0.06
